sf	ori	RT_mean	RT_std	choice_raw									
0.5	90	0.9161742210388184	0.28250805287455305	0.0	 0.0	 0.0	 0.0	 0.0	 0.0	 1.0	 1.0	 1.0	 1.0
1.0	90	1.2357946395874024	0.1489276678150125	0.0	 1.0	 1.0	 0.0	 1.0	 0.0	 1.0	 1.0	 0.0	 1.0
2.0	90	1.5617754936218262	0.2975013456676408	0.0	 0.0	 0.0	 0.0	 1.0	 0.0	 1.0	 0.0	 1.0	 1.0
0.5	120	0.8470462799072266	0.2515235940942975	1.0	 1.0	 1.0	 1.0	 0.0	 0.0	 0.0	 0.0	 1.0	 0.0
1.0	120	0.9717124938964844	0.3222475739301003	0.0	 1.0	 0.0	 1.0	 1.0	 1.0	 1.0	 0.0	 1.0	 0.0
2.0	120	1.4256434440612793	0.315593930631404	0.0	 1.0	 0.0	 1.0	 1.0	 0.0	 0.0	 1.0	 0.0	 1.0
0.5	150	0.8553488731384278	0.22792745844905846	0.0	 0.0	 0.0	 0.0	 0.0	 0.0	 1.0	 0.0	 1.0	 0.0
1.0	150	0.8767644882202148	0.24113518082956076	0.0	 0.0	 0.0	 1.0	 0.0	 0.0	 1.0	 0.0	 1.0	 0.0
2.0	150	1.6136173248291015	0.30550757180931165	0.0	 1.0	 0.0	 1.0	 1.0	 1.0	 1.0	 1.0	 1.0	 1.0

extraInfo
participant	Nobody
session	001
﻿sf	ori	RT_mean	RT_std	choice_raw									
0.5	90	0.714362382888794	0.25816586985364226	0.0	 1.0	 1.0	 0.0	 1.0	 1.0	 1.0	 1.0	 1.0	 1.0
1.0	90	0.9993421554565429	0.3190365563835853	1.0	 0.0	 1.0	 0.0	 1.0	 0.0	 1.0	 0.0	 0.0	 0.0
2.0	90	1.5566088676452636	0.24543837191180007	0.0	 0.0	 0.0	 0.0	 1.0	 1.0	 0.0	 1.0	 0.0	 1.0
0.5	120	0.7867427825927734	0.3296559923518516	1.0	 1.0	 0.0	 1.0	 0.0	 0.0	 1.0	 1.0	 1.0	 1.0
1.0	120	1.0263086318969727	0.24830724689575545	1.0	 1.0	 0.0	 1.0	 0.0	 1.0	 0.0	 1.0	 0.0	 1.0
2.0	120	1.4546314239501954	0.34074152335936	0.0	 0.0	 0.0	 1.0	 1.0	 1.0	 0.0	 0.0	 1.0	 1.0
0.5	150	0.7831057071685791	0.3180415402397645	0.0	 1.0	 1.0	 0.0	 0.0	 0.0	 1.0	 1.0	 1.0	 1.0
1.0	150	0.9867684364318847	0.35831194460303734	1.0	 1.0	 0.0	 1.0	 1.0	 0.0	 0.0	 0.0	 0.0	 1.0
2.0	150	1.4960396766662598	0.3215615335816542	1.0	 1.0	 1.0	 0.0	 0.0	 1.0	 1.0	 1.0	 0.0	 0.0

extraInfo
participant	Nobody
session	001
﻿sf	ori	RT_mean	RT_std	choice_raw									
0.5	90	0.6026960372924804	0.3084499367793832	1.0	 1.0	 1.0	 0.0	 1.0	 0.0	 1.0	 1.0	 1.0	 0.0
1.0	90	0.9101219177246094	0.3337043659881775	0.0	 1.0	 1.0	 0.0	 0.0	 0.0	 0.0	 1.0	 0.0	 1.0
2.0	90	1.4119158744812013	0.32488488559990647	0.0	 1.0	 1.0	 1.0	 1.0	 0.0	 0.0	 0.0	 0.0	 1.0
0.5	120	0.7006471633911133	0.23663486097684125	0.0	 1.0	 0.0	 0.0	 1.0	 0.0	 0.0	 0.0	 0.0	 1.0
1.0	120	1.0449729919433595	0.2920405245698345	0.0	 0.0	 0.0	 0.0	 1.0	 1.0	 1.0	 1.0	 1.0	 0.0
2.0	120	1.3745797157287598	0.24181101467581365	0.0	 1.0	 1.0	 1.0	 0.0	 1.0	 0.0	 1.0	 1.0	 0.0
0.5	150	0.7838190078735352	0.3487193029274023	0.0	 1.0	 0.0	 0.0	 0.0	 0.0	 1.0	 0.0	 0.0	 0.0
1.0	150	0.956535816192627	0.23944119811133635	1.0	 0.0	 1.0	 1.0	 0.0	 0.0	 1.0	 1.0	 0.0	 1.0
2.0	150	1.5752361297607422	0.2878891206370853	1.0	 0.0	 0.0	 0.0	 0.0	 0.0	 0.0	 0.0	 1.0	 0.0

extraInfo
participant	Nobody
session	001
﻿sf	ori	RT_mean	RT_std	choice_raw									
0.5	90	0.8463205337524414	0.31864592206676307	1.0	 0.0	 0.0	 0.0	 0.0	 0.0	 1.0	 0.0	 0.0	 0.0
1.0	90	0.8494606018066406	0.2868138138777714	1.0	 1.0	 1.0	 0.0	 1.0	 1.0	 1.0	 0.0	 0.0	 1.0
2.0	90	1.5331632614135742	0.3050769366490825	1.0	 1.0	 0.0	 1.0	 1.0	 1.0	 1.0	 1.0	 1.0	 0.0
0.5	120	0.7386183261871337	0.2735890876734272	1.0	 1.0	 1.0	 0.0	 1.0	 0.0	 1.0	 0.0	 0.0	 1.0
1.0	120	1.1362814903259277	0.26737399733960826	0.0	 0.0	 0.0	 1.0	 1.0	 1.0	 0.0	 1.0	 1.0	 0.0
2.0	120	1.3020371437072753	0.23594409858409637	1.0	 0.0	 1.0	 1.0	 0.0	 1.0	 1.0	 0.0	 1.0	 0.0
0.5	150	0.7107963562011719	0.25092957627418944	1.0	 1.0	 1.0	 0.0	 0.0	 1.0	 0.0	 1.0	 1.0	 1.0
1.0	150	0.957621955871582	0.3312083089776951	1.0	 0.0	 1.0	 1.0	 1.0	 0.0	 1.0	 1.0	 1.0	 0.0
2.0	150	1.56573543548584	0.32983879457161064	0.0	 1.0	 1.0	 1.0	 0.0	 1.0	 0.0	 0.0	 1.0	 0.0

extraInfo
participant	Nobody
session	001
﻿sf	ori	RT_mean	RT_std	choice_raw									
0.5	90	0.7503300189971924	0.18560719317013838	0.0	 0.0	 1.0	 1.0	 0.0	 0.0	 1.0	 1.0	 0.0	 1.0
1.0	90	1.1951231002807616	0.34135325543456546	0.0	 1.0	 0.0	 1.0	 1.0	 1.0	 0.0	 0.0	 1.0	 1.0
2.0	90	1.5037538528442382	0.37224950577325994	0.0	 1.0	 0.0	 0.0	 1.0	 0.0	 0.0	 1.0	 1.0	 1.0
0.5	120	0.8158720970153809	0.34343315446797956	1.0	 1.0	 1.0	 0.0	 0.0	 1.0	 1.0	 0.0	 1.0	 0.0
1.0	120	0.897320556640625	0.1169362221955294	1.0	 0.0	 1.0	 0.0	 1.0	 0.0	 1.0	 1.0	 1.0	 0.0
2.0	120	1.6343351364135743	0.2891878546345538	0.0	 0.0	 0.0	 0.0	 0.0	 0.0	 1.0	 0.0	 0.0	 1.0
0.5	150	0.7718653678894043	0.2971573999638787	1.0	 1.0	 0.0	 1.0	 1.0	 1.0	 0.0	 1.0	 1.0	 0.0
1.0	150	0.9183216094970703	0.3659179018657987	1.0	 0.0	 0.0	 1.0	 1.0	 0.0	 0.0	 1.0	 0.0	 1.0
2.0	150	1.3334539413452149	0.34732090830365053	1.0	 0.0	 0.0	 0.0	 0.0	 0.0	 1.0	 0.0	 1.0	 0.0

extraInfo
participant	Nobody
session	001
﻿sf	ori	RT_mean	RT_std	choice_raw									
0.5	90	0.8243823051452637	0.28178757545037963	1.0	 1.0	 0.0	 1.0	 1.0	 0.0	 1.0	 1.0	 1.0	 1.0
1.0	90	0.9838155746459961	0.28057446079709975	1.0	 0.0	 1.0	 0.0	 1.0	 1.0	 0.0	 0.0	 1.0	 0.0
2.0	90	1.3923404693603516	0.34609748765461945	0.0	 0.0	 0.0	 1.0	 0.0	 1.0	 1.0	 0.0	 1.0	 0.0
0.5	120	0.909089183807373	0.22716656721215345	0.0	 1.0	 0.0	 1.0	 1.0	 0.0	 0.0	 1.0	 1.0	 1.0
1.0	120	1.094284439086914	0.35478078329281243	0.0	 1.0	 0.0	 1.0	 0.0	 0.0	 1.0	 0.0	 0.0	 0.0
2.0	120	1.4312108039855957	0.2804293290971087	1.0	 0.0	 0.0	 0.0	 1.0	 1.0	 1.0	 0.0	 1.0	 1.0
0.5	150	0.5479587554931641	0.12967036445761856	1.0	 0.0	 1.0	 0.0	 1.0	 0.0	 1.0	 1.0	 0.0	 1.0
1.0	150	1.0576726913452148	0.33056868329479033	0.0	 0.0	 0.0	 0.0	 0.0	 1.0	 1.0	 0.0	 0.0	 1.0
2.0	150	1.4090981483459473	0.27805356638980133	1.0	 1.0	 1.0	 0.0	 1.0	 0.0	 0.0	 0.0	 1.0	 1.0

extraInfo
participant	Nobody
session	001
﻿circleRadius	direction	RT_mean	RT_raw										RT_std	choice_mean	choice_raw										choice_std	order									
3	-1	0.35493922233581543	0.7964872717857361	 0.18561400473117828	 0.5979200601577759	 0.11312101781368256	 0.1140517145395279	 0.46426647901535034	 0.5326898097991943	 0.5964518189430237	 0.054340142756700516	 0.09445011615753174	0.27065120400970805	0.6	1.0	 0.0	 0.0	 0.0	 1.0	 1.0	 0.0	 1.0	 1.0	 1.0	0.5163977794943223	15.0	 44.0	 81.0	 108.0	 150.0	 177.0	 219.0	 262.0	 300.0	 333.0
3	1	0.4490997314453125	0.6362308859825134	 0.24502970278263092	 0.2259049266576767	 0.9051294922828674	 0.24708424508571625	 0.7941321730613708	 0.04082726687192917	 0.5112004280090332	 0.12594537436962128	 0.7595130205154419	0.31013033140530305	0.9	1.0	 1.0	 0.0	 1.0	 1.0	 1.0	 1.0	 1.0	 1.0	 1.0	0.316227766016838	21.0	 60.0	 96.0	 126.0	 166.0	 171.0	 223.0	 240.0	 297.0	 320.0
4	-1	0.4306354999542236	0.28711190819740295	 0.4788397252559662	 0.5261902809143066	 0.6704463362693787	 0.03317645937204361	 0.6613531112670898	 0.2566334009170532	 0.7630243301391602	 0.1712569296360016	 0.45832234621047974	0.23794719216051077	0.7	1.0	 1.0	 1.0	 1.0	 0.0	 1.0	 0.0	 0.0	 1.0	 1.0	0.4830458915396479	6.0	 52.0	 98.0	 117.0	 154.0	 190.0	 224.0	 245.0	 289.0	 322.0
4	1	0.4169365406036377	0.2769950330257416	 0.04868379235267639	 0.43370121717453003	 0.13202470541000366	 0.1165536567568779	 0.96079021692276	 0.17043070495128632	 0.6198265552520752	 0.8349327445030212	 0.5754266977310181	0.3204901905138918	0.5	1.0	 0.0	 1.0	 0.0	 1.0	 0.0	 0.0	 1.0	 0.0	 1.0	0.5270462766947299	7.0	 61.0	 76.0	 116.0	 161.0	 186.0	 232.0	 241.0	 284.0	 315.0
5	-1	0.5999114990234375	0.4309222102165222	 0.6995812058448792	 0.9383938312530518	 0.17622922360897064	 0.7000028491020203	 0.9571412801742554	 0.9409897923469543	 0.19519104063510895	 0.9193658828735352	 0.04129774123430252	0.35969636426510543	0.6	0.0	 1.0	 1.0	 0.0	 1.0	 1.0	 1.0	 1.0	 0.0	 0.0	0.5163977794943223	13.0	 59.0	 90.0	 121.0	 162.0	 191.0	 204.0	 238.0	 298.0	 319.0
5	1	0.6387333869934082	0.8890539407730103	 0.4427884519100189	 0.4922952353954315	 0.9804112315177917	 0.6203718185424805	 0.9063940048217773	 0.4883086383342743	 0.8592473268508911	 0.6524509191513062	 0.0560123510658741	0.2832799972397664	0.2	0.0	 0.0	 0.0	 0.0	 1.0	 0.0	 0.0	 1.0	 0.0	 0.0	0.421637021355784	31.0	 57.0	 71.0	 115.0	 139.0	 178.0	 214.0	 250.0	 278.0	 337.0
6	-1	0.5455264091491699	0.0044187502935528755	 0.2802387773990631	 0.7687838673591614	 0.5593328475952148	 0.6503663063049316	 0.03770152106881142	 0.9202247858047485	 0.9628517627716064	 0.6107149124145508	 0.6606308817863464	0.3356825488188502	0.6	1.0	 1.0	 0.0	 0.0	 0.0	 0.0	 1.0	 1.0	 1.0	 1.0	0.5163977794943223	17.0	 62.0	 68.0	 111.0	 136.0	 199.0	 216.0	 258.0	 303.0	 339.0
6	1	0.6263234615325928	0.9878801107406616	 0.9040405750274658	 0.5375915765762329	 0.8603013753890991	 0.2961937487125397	 0.5927301049232483	 0.5078710913658142	 0.20497256517410278	 0.9794266223907471	 0.3922264873981476	0.28898941456145044	0.2	0.0	 1.0	 0.0	 0.0	 0.0	 0.0	 0.0	 0.0	 0.0	 1.0	0.421637021355784	29.0	 67.0	 82.0	 120.0	 159.0	 173.0	 231.0	 252.0	 273.0	 332.0
7	-1	0.47349796295166013	0.7679681777954102	 0.08001384139060974	 0.19277970492839813	 0.9284610748291016	 0.8967832326889038	 0.002815033309161663	 0.10606279969215393	 0.4690251052379608	 0.38358062505722046	 0.9074897766113281	0.3740932893713798	0.6	1.0	 0.0	 1.0	 0.0	 0.0	 1.0	 1.0	 1.0	 1.0	 0.0	0.5163977794943223	20.0	 56.0	 77.0	 123.0	 138.0	 196.0	 211.0	 243.0	 276.0	 326.0
7	1	0.44152011871337893	0.1020689532160759	 0.5196348428726196	 0.43887609243392944	 0.41523754596710205	 0.35899803042411804	 0.3257329761981964	 0.10641146451234818	 0.30750349164009094	 0.8556033968925476	 0.9851346015930176	0.2866440416531284	0.4	0.0	 0.0	 0.0	 1.0	 1.0	 0.0	 1.0	 1.0	 0.0	 0.0	0.5163977794943223	32.0	 47.0	 75.0	 109.0	 142.0	 197.0	 237.0	 261.0	 272.0	 336.0
8	-1	0.4967941761016846	0.6283552050590515	 0.28393059968948364	 0.7656447887420654	 0.7997352480888367	 0.08987902849912643	 0.6587862372398376	 0.7574989199638367	 0.8468707799911499	 0.09632275998592377	 0.040918298065662384	0.3295139990452665	0.6	0.0	 0.0	 1.0	 0.0	 1.0	 0.0	 1.0	 1.0	 1.0	 1.0	0.5163977794943223	25.0	 43.0	 84.0	 106.0	 160.0	 179.0	 213.0	 244.0	 305.0	 338.0
8	1	0.45024633407592773	0.5176981091499329	 0.04341274872422218	 0.5889055132865906	 0.4567711651325226	 0.08187306672334671	 0.6178340911865234	 0.4211255609989166	 0.5140406489372253	 0.6252616047859192	 0.6355409622192383	0.21679456435311442	0.6	0.0	 1.0	 1.0	 1.0	 0.0	 0.0	 1.0	 1.0	 0.0	 1.0	0.5163977794943223	0.0	 64.0	 86.0	 124.0	 157.0	 195.0	 227.0	 251.0	 296.0	 327.0
9	-1	0.5103991985321045	0.09279202669858932	 0.5531623959541321	 0.7498779892921448	 0.1868980973958969	 0.32093995809555054	 0.4128111004829407	 0.979787290096283	 0.832734227180481	 0.7913147211074829	 0.18367429077625275	0.31508966672931205	0.6	1.0	 0.0	 1.0	 0.0	 1.0	 0.0	 1.0	 1.0	 0.0	 1.0	0.5163977794943223	28.0	 35.0	 70.0	 125.0	 146.0	 201.0	 234.0	 254.0	 283.0	 307.0
9	1	0.4578524589538574	0.8640236854553223	 0.20245592296123505	 0.46889275312423706	 0.020435884594917297	 0.3821013569831848	 0.8407225012779236	 0.5224646925926208	 0.7047758102416992	 0.043208155781030655	 0.5294438004493713	0.30114345099430473	0.5	1.0	 0.0	 1.0	 0.0	 1.0	 1.0	 0.0	 0.0	 1.0	 0.0	0.5270462766947299	23.0	 53.0	 83.0	 130.0	 149.0	 203.0	 222.0	 268.0	 304.0	 318.0
10	-1	0.5322322845458984	0.7435537576675415	 0.899172306060791	 0.6591336131095886	 0.0066225663758814335	 0.8025120496749878	 0.1777362823486328	 0.2682998776435852	 0.4488990306854248	 0.7446861267089844	 0.5717073678970337	0.2969641763463106	0.6	0.0	 1.0	 0.0	 0.0	 1.0	 0.0	 1.0	 1.0	 1.0	 1.0	0.5163977794943223	16.0	 40.0	 92.0	 127.0	 137.0	 180.0	 218.0	 269.0	 279.0	 334.0
10	1	0.555255126953125	0.6896004676818848	 0.34195736050605774	 0.7185930609703064	 0.814713180065155	 0.8436676859855652	 0.2729436755180359	 0.23764435946941376	 0.4686684012413025	 0.37643370032310486	 0.7883293628692627	0.23923454143499742	0.3	0.0	 1.0	 1.0	 1.0	 0.0	 0.0	 0.0	 0.0	 0.0	 0.0	0.4830458915396479	33.0	 42.0	 99.0	 132.0	 144.0	 200.0	 233.0	 247.0	 275.0	 323.0
11	-1	0.4984013557434082	0.282125860452652	 0.7673097252845764	 0.40930312871932983	 0.4964291751384735	 0.11678571999073029	 0.9944320917129517	 0.6865810751914978	 0.4699053466320038	 0.04049576818943024	 0.7206456661224365	0.3007398024614512	0.9	0.0	 1.0	 1.0	 1.0	 1.0	 1.0	 1.0	 1.0	 1.0	 1.0	0.316227766016838	11.0	 48.0	 91.0	 104.0	 158.0	 181.0	 217.0	 270.0	 274.0	 308.0
11	1	0.7024752140045166	0.9852774739265442	 0.494381844997406	 0.6748668551445007	 0.5397357940673828	 0.32673129439353943	 0.8682874441146851	 0.859826922416687	 0.525671124458313	 0.9123144149780273	 0.8376590609550476	0.22048681151360364	0.7	1.0	 0.0	 1.0	 1.0	 1.0	 0.0	 1.0	 1.0	 0.0	 1.0	0.4830458915396479	27.0	 51.0	 89.0	 128.0	 143.0	 188.0	 210.0	 266.0	 280.0	 306.0
12	-1	0.4452822208404541	0.07104737311601639	 0.8953133225440979	 0.5258181691169739	 0.7122218608856201	 0.31223806738853455	 0.5737000703811646	 0.7036207318305969	 0.05679841339588165	 0.230910986661911	 0.3711532652378082	0.28355344352261097	0.5	0.0	 0.0	 1.0	 1.0	 1.0	 0.0	 1.0	 0.0	 0.0	 1.0	0.5270462766947299	5.0	 66.0	 69.0	 131.0	 169.0	 202.0	 229.0	 265.0	 294.0	 331.0
12	1	0.5078064918518066	0.23583215475082397	 0.010338988155126572	 0.7947883605957031	 0.5450888276100159	 0.13598565757274628	 0.6251857280731201	 0.7046299576759338	 0.6962288022041321	 0.5052001476287842	 0.8247860074043274	0.2851795517779743	0.5	0.0	 0.0	 0.0	 1.0	 0.0	 1.0	 1.0	 1.0	 0.0	 1.0	0.5270462766947299	1.0	 37.0	 95.0	 107.0	 156.0	 184.0	 228.0	 271.0	 292.0	 313.0
13	-1	0.5142583847045898	0.9810441732406616	 0.08687227964401245	 0.30333027243614197	 0.09164916723966599	 0.10177360475063324	 0.6735430359840393	 0.975491464138031	 0.5194825530052185	 0.9952663779258728	 0.41413140296936035	0.37613675346263215	0.6	0.0	 1.0	 0.0	 1.0	 0.0	 0.0	 1.0	 1.0	 1.0	 1.0	0.5163977794943223	10.0	 63.0	 94.0	 105.0	 153.0	 174.0	 230.0	 242.0	 301.0	 330.0
13	1	0.6609059333801269	0.4270690977573395	 0.386782705783844	 0.30724987387657166	 0.9717990756034851	 0.8347893357276917	 0.7724075317382812	 0.9821014404296875	 0.8867884874343872	 0.36042869091033936	 0.6796432137489319	0.26646774848586435	0.7	1.0	 0.0	 0.0	 0.0	 1.0	 1.0	 1.0	 1.0	 1.0	 1.0	0.4830458915396479	24.0	 39.0	 85.0	 133.0	 148.0	 193.0	 208.0	 248.0	 290.0	 309.0
14	-1	0.23671221733093262	0.32154160737991333	 0.006021805107593536	 0.3987034559249878	 0.3046213686466217	 0.06733722984790802	 0.1954510509967804	 0.022425450384616852	 0.9701243042945862	 0.04246191680431366	 0.038433924317359924	0.29486660725777214	0.5	0.0	 1.0	 1.0	 0.0	 1.0	 1.0	 0.0	 0.0	 0.0	 1.0	0.5270462766947299	19.0	 58.0	 79.0	 114.0	 165.0	 183.0	 206.0	 253.0	 286.0	 335.0
14	1	0.4551734924316406	0.14581525325775146	 0.7048987150192261	 0.02235386334359646	 0.9675551652908325	 0.5024205446243286	 0.7577927112579346	 0.1576976776123047	 0.056264325976371765	 0.7494350075721741	 0.4875015318393707	0.33944382899748016	0.4	0.0	 1.0	 0.0	 1.0	 1.0	 0.0	 0.0	 1.0	 0.0	 0.0	0.5163977794943223	12.0	 55.0	 87.0	 102.0	 147.0	 175.0	 207.0	 246.0	 285.0	 325.0
15	-1	0.6184895992279053	0.07641369104385376	 0.8926333785057068	 0.10880960524082184	 0.7039064168930054	 0.6033347249031067	 0.80158931016922	 0.8981154561042786	 0.6425819993019104	 0.5240748524665833	 0.9334365129470825	0.3085274653298924	0.5	1.0	 0.0	 0.0	 1.0	 0.0	 1.0	 0.0	 1.0	 1.0	 0.0	0.5270462766947299	18.0	 65.0	 101.0	 118.0	 152.0	 170.0	 236.0	 263.0	 302.0	 310.0
15	1	0.5537350654602051	0.9014955759048462	 0.761686384677887	 0.3860945701599121	 0.4450654983520508	 0.5381631255149841	 0.5186855792999268	 0.1442389190196991	 0.9884071350097656	 0.13640566170215607	 0.7171081900596619	0.291175013645175	0.6	1.0	 1.0	 1.0	 0.0	 0.0	 1.0	 1.0	 0.0	 0.0	 1.0	0.5163977794943223	2.0	 41.0	 97.0	 103.0	 164.0	 185.0	 215.0	 264.0	 287.0	 314.0
16	-1	0.48950538635253904	0.23217229545116425	 0.07209893316030502	 0.27287131547927856	 0.7450485229492188	 0.40698760747909546	 0.7674815654754639	 0.5311477184295654	 0.7676723003387451	 0.2619399428367615	 0.8376336693763733	0.27665688146053796	0.5	0.0	 1.0	 1.0	 1.0	 1.0	 0.0	 1.0	 0.0	 0.0	 0.0	0.5270462766947299	9.0	 49.0	 93.0	 110.0	 167.0	 182.0	 212.0	 255.0	 299.0	 316.0
16	1	0.4460712432861328	0.6792075037956238	 0.21291528642177582	 0.2084377408027649	 0.47086089849472046	 0.7826667428016663	 0.9037713408470154	 0.06958431005477905	 0.13472622632980347	 0.07411252707242966	 0.9244301319122314	0.34871876246679206	0.7	1.0	 0.0	 0.0	 1.0	 1.0	 1.0	 1.0	 1.0	 1.0	 0.0	0.48304589153964805	26.0	 38.0	 78.0	 112.0	 168.0	 198.0	 235.0	 256.0	 293.0	 312.0
17	-1	0.5291313648223877	0.4889325499534607	 0.7526525855064392	 0.4210536479949951	 0.40754255652427673	 0.26042690873146057	 0.7064319849014282	 0.5718576908111572	 0.904046356678009	 0.14976146817207336	 0.6286079287528992	0.23043046719393956	0.9	1.0	 1.0	 1.0	 1.0	 1.0	 0.0	 1.0	 1.0	 1.0	 1.0	0.316227766016838	14.0	 34.0	 80.0	 119.0	 155.0	 172.0	 205.0	 260.0	 281.0	 321.0
17	1	0.5334565162658691	0.31953081488609314	 0.901782751083374	 0.5200642347335815	 0.06100798025727272	 0.7880533337593079	 0.6997408866882324	 0.6110838055610657	 0.46957927942276	 0.01785336807370186	 0.9458687901496887	0.3237492534830092	0.5	1.0	 1.0	 1.0	 0.0	 0.0	 1.0	 0.0	 0.0	 1.0	 0.0	0.5270462766947299	30.0	 36.0	 72.0	 113.0	 151.0	 189.0	 209.0	 257.0	 288.0	 324.0
18	-1	0.5671227931976318	0.8795947432518005	 0.8976832628250122	 0.5730284452438354	 0.7744980454444885	 0.6088035702705383	 0.4198363721370697	 0.039534300565719604	 0.9578198194503784	 0.19750766456127167	 0.32292112708091736	0.31633710457167247	0.5	1.0	 1.0	 0.0	 1.0	 0.0	 0.0	 0.0	 1.0	 0.0	 1.0	0.5270462766947299	4.0	 54.0	 73.0	 134.0	 141.0	 187.0	 225.0	 259.0	 291.0	 317.0
18	1	0.4932391166687012	0.7290605306625366	 0.9328775405883789	 0.26008719205856323	 0.47008442878723145	 0.1884533166885376	 0.20212005078792572	 0.7395821213722229	 0.6371409893035889	 0.6871086955070496	 0.08587657660245895	0.29180598854492723	0.4	1.0	 0.0	 0.0	 0.0	 1.0	 0.0	 1.0	 1.0	 0.0	 0.0	0.5163977794943223	22.0	 46.0	 88.0	 135.0	 145.0	 194.0	 226.0	 249.0	 282.0	 329.0
19	-1	0.49944267272949217	0.32980138063430786	 0.8357827067375183	 0.34929436445236206	 0.4835069477558136	 0.6014178991317749	 0.3353469967842102	 0.6003308892250061	 0.09570874273777008	 0.9460812211036682	 0.4171559512615204	0.25417933341351423	0.6	1.0	 0.0	 1.0	 0.0	 1.0	 1.0	 0.0	 0.0	 1.0	 1.0	0.5163977794943223	3.0	 45.0	 100.0	 122.0	 163.0	 176.0	 220.0	 239.0	 295.0	 311.0
19	1	0.3763031005859375	0.008482045494019985	 0.8829933404922485	 0.26010483503341675	 0.4221668243408203	 0.01881871186196804	 0.326418399810791	 0.8028116822242737	 0.007476264610886574	 0.09115225821733475	 0.9426067471504211	0.3738493525434437	0.3	0.0	 0.0	 0.0	 1.0	 0.0	 1.0	 1.0	 0.0	 0.0	 0.0	0.4830458915396479	8.0	 50.0	 74.0	 129.0	 140.0	 192.0	 221.0	 267.0	 277.0	 328.0

extraInfo
participant	Nobody
session	001
﻿circleRadius	direction	RT_mean	RT_raw										RT_std	choice_mean	choice_raw										choice_std	order									
3	-1	0.2800264835357666	0.29844045639038086	 0.15983782708644867	 0.015753615647554398	 0.3033576011657715	 0.009326959028840065	 0.32288089394569397	 0.4720465838909149	 0.11649339646100998	 0.5244380235671997	 0.5776897668838501	0.20337126176573017	0.6	1.0	 0.0	 1.0	 1.0	 0.0	 1.0	 1.0	 1.0	 0.0	 0.0	0.5163977794943223	8.0	 41.0	 82.0	 109.0	 167.0	 174.0	 215.0	 252.0	 272.0	 339.0
3	1	0.3908605813980103	0.0577039010822773	 0.8450329303741455	 0.8525469303131104	 0.03644945099949837	 0.06577319651842117	 0.638377845287323	 0.9966803789138794	 0.3497210443019867	 0.03479496017098427	 0.03152504190802574	0.40105262597382385	0.5	1.0	 0.0	 0.0	 1.0	 0.0	 1.0	 0.0	 0.0	 1.0	 1.0	0.5270462766947299	33.0	 61.0	 73.0	 105.0	 147.0	 176.0	 226.0	 263.0	 305.0	 306.0
4	-1	0.526666259765625	0.15517684817314148	 0.14772623777389526	 0.8719891905784607	 0.8713010549545288	 0.7417224645614624	 0.8330368995666504	 0.3274711072444916	 0.5176249742507935	 0.6444781422615051	 0.15613484382629395	0.3074386579163525	0.4	1.0	 0.0	 0.0	 1.0	 0.0	 0.0	 1.0	 0.0	 1.0	 0.0	0.5163977794943223	1.0	 58.0	 83.0	 111.0	 141.0	 172.0	 235.0	 250.0	 303.0	 323.0
4	1	0.4748405933380127	0.12088329344987869	 0.76497483253479	 0.6862444877624512	 0.017152022570371628	 0.5272900462150574	 0.8309186697006226	 0.34560447931289673	 0.8953993320465088	 0.06681470572948456	 0.4931238889694214	0.32550262886649645	0.4	0.0	 1.0	 1.0	 1.0	 0.0	 0.0	 0.0	 1.0	 0.0	 0.0	0.5163977794943223	17.0	 57.0	 77.0	 121.0	 142.0	 183.0	 236.0	 243.0	 294.0	 315.0
5	-1	0.5336256980895996	0.64385986328125	 0.7343862056732178	 0.22818629443645477	 0.5318644046783447	 0.7277810573577881	 0.5332024097442627	 0.12997150421142578	 0.858391523361206	 0.06749164313077927	 0.8811220526695251	0.29625315561062143	0.4	1.0	 0.0	 0.0	 1.0	 0.0	 0.0	 0.0	 0.0	 1.0	 1.0	0.5163977794943223	6.0	 62.0	 94.0	 134.0	 140.0	 175.0	 228.0	 241.0	 287.0	 320.0
5	1	0.37472145557403563	0.8826271891593933	 0.2696620225906372	 0.1794443130493164	 0.7193704843521118	 0.15535855293273926	 0.025881288573145866	 0.5535191297531128	 0.07086177170276642	 0.5015925168991089	 0.3888971209526062	0.28603183791926584	0.5	0.0	 1.0	 1.0	 0.0	 0.0	 0.0	 1.0	 0.0	 1.0	 1.0	0.5270462766947299	16.0	 35.0	 81.0	 133.0	 158.0	 188.0	 213.0	 271.0	 280.0	 322.0
6	-1	0.46316823959350584	0.3876752555370331	 0.6051515936851501	 0.6469135880470276	 0.19395695626735687	 0.916140079498291	 0.12837524712085724	 0.8208802342414856	 0.45957523584365845	 0.3018658459186554	 0.1711484044790268	0.27661248350581774	0.4	0.0	 1.0	 1.0	 0.0	 0.0	 0.0	 1.0	 1.0	 0.0	 0.0	0.5163977794943223	3.0	 59.0	 89.0	 123.0	 148.0	 194.0	 234.0	 262.0	 296.0	 324.0
6	1	0.5041075229644776	0.2911687195301056	 0.8313742280006409	 0.32402709126472473	 0.4292530119419098	 0.3391571342945099	 0.9350487589836121	 0.23820731043815613	 0.720239520072937	 0.5310588479042053	 0.4015406668186188	0.2431414464075147	0.6	1.0	 1.0	 0.0	 0.0	 1.0	 0.0	 1.0	 1.0	 1.0	 0.0	0.5163977794943223	32.0	 63.0	 96.0	 131.0	 163.0	 173.0	 224.0	 253.0	 298.0	 314.0
7	-1	0.5709963798522949	0.7708479762077332	 0.31941333413124084	 0.07996425032615662	 0.3685188591480255	 0.5940773487091064	 0.6415519118309021	 0.9799105525016785	 0.3203057050704956	 0.9707284569740295	 0.6646454334259033	0.2961733156307013	0.4	1.0	 0.0	 0.0	 1.0	 0.0	 1.0	 1.0	 0.0	 0.0	 0.0	0.5163977794943223	18.0	 43.0	 69.0	 103.0	 145.0	 184.0	 212.0	 270.0	 304.0	 330.0
7	1	0.3534800291061401	0.39501920342445374	 0.1343819499015808	 0.381620317697525	 0.03173748776316643	 0.44047367572784424	 0.1473296731710434	 0.7479908466339111	 0.18145497143268585	 0.801115095615387	 0.27367720007896423	0.2573546026992046	0.4	1.0	 0.0	 0.0	 0.0	 0.0	 0.0	 1.0	 1.0	 0.0	 1.0	0.5163977794943223	15.0	 49.0	 85.0	 114.0	 168.0	 193.0	 222.0	 247.0	 290.0	 333.0
8	-1	0.5746983528137207	0.9694277048110962	 0.06645593792200089	 0.19609449803829193	 0.7843109965324402	 0.29634013772010803	 0.7137723565101624	 0.7681237459182739	 0.783368706703186	 0.8192802667617798	 0.3498093783855438	0.31439127957140683	0.6	1.0	 0.0	 1.0	 1.0	 0.0	 1.0	 1.0	 1.0	 0.0	 0.0	0.5163977794943223	2.0	 65.0	 92.0	 117.0	 157.0	 182.0	 237.0	 239.0	 281.0	 316.0
8	1	0.5360405921936036	0.6294646859169006	 0.2704089283943176	 0.543632447719574	 0.5670652389526367	 0.5003706812858582	 0.9217740893363953	 0.32779571413993835	 0.4911474585533142	 0.7405768036842346	 0.3681696057319641	0.1960068403086415	0.4	1.0	 0.0	 0.0	 0.0	 1.0	 0.0	 0.0	 0.0	 1.0	 1.0	0.5163977794943223	31.0	 42.0	 78.0	 130.0	 144.0	 190.0	 217.0	 266.0	 288.0	 332.0
9	-1	0.39875092506408694	0.1425703912973404	 0.03308355435729027	 0.9454951882362366	 0.2013864517211914	 0.28092503547668457	 0.34431636333465576	 0.3298766016960144	 0.9360484480857849	 0.1809150129556656	 0.5928922295570374	0.321911790829749	0.8	1.0	 1.0	 1.0	 0.0	 0.0	 1.0	 1.0	 1.0	 1.0	 1.0	0.421637021355784	4.0	 47.0	 70.0	 135.0	 169.0	 196.0	 225.0	 264.0	 278.0	 309.0
9	1	0.41371679306030273	0.336171954870224	 0.1538190245628357	 0.040367815643548965	 0.061853308230638504	 0.592568576335907	 0.19215257465839386	 0.46393218636512756	 0.8800555467605591	 0.8761228919029236	 0.5401238799095154	0.31048844260677666	0.8	1.0	 0.0	 1.0	 1.0	 1.0	 1.0	 0.0	 1.0	 1.0	 1.0	0.421637021355784	22.0	 37.0	 75.0	 120.0	 151.0	 177.0	 219.0	 246.0	 273.0	 326.0
10	-1	0.6538449764251709	0.7283240556716919	 0.38632932305336	 0.9128889441490173	 0.6879461407661438	 0.7766168117523193	 0.7773965001106262	 0.2266678661108017	 0.13796421885490417	 0.9102144837379456	 0.9941014647483826	0.2992266641706249	0.9	1.0	 1.0	 1.0	 1.0	 0.0	 1.0	 1.0	 1.0	 1.0	 1.0	0.316227766016838	19.0	 60.0	 80.0	 102.0	 150.0	 181.0	 220.0	 249.0	 302.0	 312.0
10	1	0.4513807773590088	0.8442895412445068	 0.3060699701309204	 0.1966036856174469	 0.2757227420806885	 0.2416856735944748	 0.04377300664782524	 0.95603346824646	 0.2204941213130951	 0.564868688583374	 0.8642666935920715	0.32875405240157046	0.7	1.0	 1.0	 0.0	 1.0	 1.0	 1.0	 1.0	 0.0	 0.0	 1.0	0.4830458915396479	5.0	 56.0	 101.0	 129.0	 149.0	 200.0	 216.0	 255.0	 274.0	 319.0
11	-1	0.4871671676635742	0.38600173592567444	 0.405728816986084	 0.16413427889347076	 0.44787028431892395	 0.07973801344633102	 0.4167609214782715	 0.7547076940536499	 0.5002016425132751	 0.8302391767501831	 0.8862892389297485	0.2671789577130821	0.4	0.0	 1.0	 0.0	 0.0	 0.0	 1.0	 0.0	 0.0	 1.0	 1.0	0.5163977794943223	28.0	 38.0	 100.0	 107.0	 152.0	 203.0	 227.0	 260.0	 286.0	 338.0
11	1	0.40720353126525877	0.4857374131679535	 0.37356865406036377	 0.31843432784080505	 0.6378693580627441	 0.341071218252182	 0.16762934625148773	 0.3543359339237213	 0.6692510843276978	 0.7110782861709595	 0.01305950153619051	0.22343483499527542	0.4	1.0	 0.0	 1.0	 0.0	 1.0	 0.0	 0.0	 0.0	 1.0	 0.0	0.5163977794943223	7.0	 54.0	 88.0	 104.0	 155.0	 171.0	 230.0	 268.0	 277.0	 310.0
12	-1	0.4564655780792236	0.3453594744205475	 0.2965538203716278	 0.46207791566848755	 0.6214013695716858	 0.9252010583877563	 0.20276013016700745	 0.9123769402503967	 0.42155134677886963	 0.24840320646762848	 0.12897081673145294	0.28064370410167155	0.7	1.0	 0.0	 1.0	 1.0	 0.0	 1.0	 1.0	 1.0	 0.0	 1.0	0.4830458915396479	0.0	 52.0	 93.0	 128.0	 162.0	 192.0	 221.0	 257.0	 295.0	 317.0
12	1	0.5424870491027832	0.012091008946299553	 0.9407596588134766	 0.9217059016227722	 0.0028125797398388386	 0.7894380688667297	 0.7307012677192688	 0.31842827796936035	 0.2569601535797119	 0.8063294887542725	 0.6456444263458252	0.36261214644266954	0.4	0.0	 1.0	 1.0	 1.0	 0.0	 0.0	 0.0	 1.0	 0.0	 0.0	0.5163977794943223	25.0	 51.0	 79.0	 122.0	 137.0	 201.0	 223.0	 238.0	 282.0	 321.0
13	-1	0.5557465076446533	0.26796841621398926	 0.4487038552761078	 0.9970507025718689	 0.7221221327781677	 0.6862360239028931	 0.8346266150474548	 0.12093231081962585	 0.1844797432422638	 0.398163378238678	 0.8971819281578064	0.31266226254104873	0.7	1.0	 0.0	 0.0	 1.0	 0.0	 1.0	 1.0	 1.0	 1.0	 1.0	0.4830458915396479	27.0	 46.0	 71.0	 126.0	 160.0	 180.0	 210.0	 259.0	 283.0	 313.0
13	1	0.464581298828125	0.511176586151123	 0.29683414101600647	 0.4856945276260376	 0.47657179832458496	 0.4415169656276703	 0.7431585192680359	 0.3706805408000946	 0.5894252061843872	 0.255137175321579	 0.4756178557872772	0.14040774017140545	0.6	0.0	 0.0	 1.0	 0.0	 1.0	 1.0	 1.0	 1.0	 1.0	 0.0	0.5163977794943223	12.0	 55.0	 90.0	 132.0	 164.0	 187.0	 218.0	 267.0	 285.0	 328.0
14	-1	0.6332589626312256	0.9805083274841309	 0.08142227679491043	 0.5221075415611267	 0.8067440390586853	 0.24925318360328674	 0.6783820986747742	 0.39005047082901	 0.9458875060081482	 0.9716970920562744	 0.7065367102622986	0.3151456572361159	0.5	0.0	 1.0	 0.0	 1.0	 0.0	 1.0	 1.0	 1.0	 0.0	 0.0	0.5270462766947299	20.0	 50.0	 87.0	 106.0	 156.0	 189.0	 206.0	 265.0	 299.0	 308.0
14	1	0.24165647029876708	0.15757374465465546	 0.1615987867116928	 0.03922281786799431	 0.1485258936882019	 0.6437457203865051	 0.36652064323425293	 0.3911435306072235	 0.11394564062356949	 0.1383412778377533	 0.25594693422317505	0.17948486029522112	0.4	1.0	 0.0	 0.0	 1.0	 0.0	 0.0	 1.0	 1.0	 0.0	 0.0	0.5163977794943223	21.0	 64.0	 95.0	 127.0	 153.0	 178.0	 229.0	 242.0	 297.0	 325.0
15	-1	0.4491684913635254	0.9624727368354797	 0.8309057354927063	 0.11242320388555527	 0.20608778297901154	 0.12757079303264618	 0.17415963113307953	 0.4014480710029602	 0.7676814198493958	 0.7346659302711487	 0.17426984012126923	0.3369060080577764	0.4	0.0	 0.0	 0.0	 1.0	 1.0	 1.0	 1.0	 0.0	 0.0	 0.0	0.5163977794943223	23.0	 36.0	 76.0	 124.0	 154.0	 199.0	 232.0	 261.0	 291.0	 307.0
15	1	0.721710205078125	0.7679922580718994	 0.8075243234634399	 0.9136264324188232	 0.5932034850120544	 0.564734697341919	 0.994703471660614	 0.2251127064228058	 0.9018588662147522	 0.612478494644165	 0.8358671069145203	0.2275581783906073	0.3	0.0	 0.0	 0.0	 0.0	 0.0	 1.0	 1.0	 0.0	 1.0	 0.0	0.4830458915396479	30.0	 53.0	 91.0	 115.0	 166.0	 202.0	 214.0	 245.0	 289.0	 334.0
16	-1	0.5672904968261718	0.2972404360771179	 0.02453623339533806	 0.8363742232322693	 0.22679635882377625	 0.6950974464416504	 0.7244926691055298	 0.70036381483078	 0.7772018909454346	 0.6401061415672302	 0.7506954669952393	0.27841006477266655	0.6	1.0	 1.0	 1.0	 1.0	 0.0	 0.0	 1.0	 0.0	 1.0	 0.0	0.5163977794943223	14.0	 39.0	 68.0	 108.0	 165.0	 197.0	 207.0	 251.0	 300.0	 329.0
16	1	0.3600109338760376	0.936580240726471	 0.27454695105552673	 0.3604440689086914	 0.49750715494155884	 0.023739539086818695	 0.2732302248477936	 0.17156276106834412	 0.5210022926330566	 0.4002531170845032	 0.14124292135238647	0.25607308132849765	0.5	0.0	 1.0	 1.0	 1.0	 1.0	 0.0	 0.0	 0.0	 0.0	 1.0	0.5270462766947299	24.0	 34.0	 98.0	 125.0	 161.0	 186.0	 231.0	 258.0	 301.0	 337.0
17	-1	0.615058183670044	0.9484726190567017	 0.25029951333999634	 0.14216555655002594	 0.89417564868927	 0.6119299530982971	 0.5449884533882141	 0.7396917939186096	 0.7304805517196655	 0.431498259305954	 0.8568794131278992	0.27319005085908205	0.6	0.0	 1.0	 1.0	 1.0	 0.0	 1.0	 0.0	 0.0	 1.0	 1.0	0.5163977794943223	29.0	 40.0	 72.0	 112.0	 136.0	 191.0	 233.0	 248.0	 279.0	 327.0
17	1	0.39262590408325193	0.9573960304260254	 0.8653569221496582	 0.20258450508117676	 0.19930608570575714	 0.2509867250919342	 0.0707506611943245	 0.13744480907917023	 0.25603774189949036	 0.5001799464225769	 0.4862154722213745	0.3061760789984302	0.5	1.0	 0.0	 0.0	 1.0	 1.0	 0.0	 1.0	 0.0	 0.0	 1.0	0.5270462766947299	26.0	 44.0	 86.0	 119.0	 138.0	 170.0	 204.0	 269.0	 292.0	 331.0
18	-1	0.5716567039489746	0.4068765640258789	 0.5376489758491516	 0.11849631369113922	 0.9981378316879272	 0.7961055040359497	 0.7954051494598389	 0.6538196802139282	 0.11904697865247726	 0.712810218334198	 0.5782200694084167	0.28820591653265704	0.5	0.0	 0.0	 0.0	 1.0	 1.0	 1.0	 1.0	 1.0	 0.0	 0.0	0.5270462766947299	9.0	 48.0	 99.0	 116.0	 159.0	 185.0	 211.0	 254.0	 276.0	 311.0
18	1	0.496219539642334	0.9524373412132263	 0.8539519906044006	 0.5346699953079224	 0.13976047933101654	 0.11193988472223282	 0.007578891236335039	 0.4564468264579773	 0.3551371395587921	 0.6186520457267761	 0.9316208362579346	0.345951079487743	0.7	0.0	 1.0	 0.0	 1.0	 1.0	 1.0	 1.0	 0.0	 1.0	 1.0	0.4830458915396479	11.0	 66.0	 97.0	 110.0	 143.0	 179.0	 209.0	 244.0	 275.0	 318.0
19	-1	0.5861381530761719	0.977397084236145	 0.9518008232116699	 0.3352136015892029	 0.6313599944114685	 0.8587056994438171	 0.12777554988861084	 0.6279734969139099	 0.178113654255867	 0.7945718765258789	 0.37846967577934265	0.31464181213899395	0.7	1.0	 0.0	 0.0	 1.0	 1.0	 1.0	 1.0	 1.0	 0.0	 1.0	0.4830458915396479	10.0	 45.0	 74.0	 113.0	 139.0	 195.0	 205.0	 240.0	 284.0	 335.0
19	1	0.4581906795501709	0.7567446231842041	 0.09742818772792816	 0.4835817813873291	 0.5034490823745728	 0.8509813547134399	 0.29510223865509033	 0.22100815176963806	 0.3558257520198822	 0.7549713253974915	 0.2628139555454254	0.25730318558242543	0.9	1.0	 0.0	 1.0	 1.0	 1.0	 1.0	 1.0	 1.0	 1.0	 1.0	0.316227766016838	13.0	 67.0	 84.0	 118.0	 146.0	 198.0	 208.0	 256.0	 293.0	 336.0

extraInfo
participant	Nobody
session	001
﻿circleRadius	direction	RT_mean	RT_raw										RT_std	choice_mean	choice_raw										choice_std	order									
3	-1	0.34108197689056396	0.8183799386024475	 0.6597338914871216	 0.22327347099781036	 0.5450693368911743	 0.0202620942145586	 0.0752471536397934	 0.33188596367836	 0.5808283686637878	 0.059486523270606995	 0.09665288031101227	0.2896434793530163	0.5	1.0	 0.0	 0.0	 0.0	 1.0	 1.0	 0.0	 0.0	 1.0	 1.0	0.5270462766947299	4.0	 9.0	 20.0	 27.0	 38.0	 45.0	 54.0	 62.0	 66.0	 77.0
3	1	0.49423909187316895	0.23581890761852264	 0.5064533948898315	 0.6843923330307007	 0.6031090617179871	 0.3516881465911865	 0.14391031861305237	 0.3223971426486969	 0.4754299521446228	 0.7710320353507996	 0.8481597304344177	0.2332737349765164	0.6	0.0	 1.0	 1.0	 1.0	 1.0	 1.0	 1.0	 0.0	 0.0	 0.0	0.5163977794943223	5.0	 13.0	 22.0	 25.0	 37.0	 43.0	 48.0	 57.0	 69.0	 75.0
8	-1	0.481510066986084	0.5152367353439331	 0.6514063477516174	 0.8702343702316284	 0.03581865131855011	 0.014640705659985542	 0.4166671335697174	 0.6434850692749023	 0.6618725657463074	 0.9179167151451111	 0.08782266825437546	0.33435316087302636	0.3	0.0	 0.0	 0.0	 1.0	 1.0	 0.0	 0.0	 0.0	 0.0	 1.0	0.48304589153964805	2.0	 12.0	 17.0	 30.0	 36.0	 40.0	 51.0	 63.0	 67.0	 74.0
8	1	0.5201769828796386	0.5653533935546875	 0.7441179752349854	 0.1562623679637909	 0.8341951370239258	 0.5637775659561157	 0.05879916623234749	 0.8336120843887329	 0.24368609488010406	 0.25986623764038086	 0.9420994520187378	0.31945635292463537	0.4	0.0	 1.0	 0.0	 0.0	 1.0	 1.0	 0.0	 1.0	 0.0	 0.0	0.5163977794943223	1.0	 14.0	 23.0	 26.0	 33.0	 44.0	 50.0	 59.0	 70.0	 76.0
13	-1	0.4046484470367432	0.32546746730804443	 0.052169300615787506	 0.3365352749824524	 0.2721688747406006	 0.8447476625442505	 0.006463724188506603	 0.740237295627594	 0.2119496911764145	 0.668892502784729	 0.5878528952598572	0.2902262119931605	0.6	1.0	 1.0	 0.0	 1.0	 1.0	 0.0	 0.0	 0.0	 1.0	 1.0	0.5163977794943223	6.0	 15.0	 19.0	 29.0	 34.0	 41.0	 53.0	 60.0	 64.0	 73.0
13	1	0.5012967586517334	0.14416730403900146	 0.5204287767410278	 0.632774293422699	 0.13179035484790802	 0.684916079044342	 0.6322202682495117	 0.7557944655418396	 0.6704737544059753	 0.7568230628967285	 0.08357947319746017	0.2719798169982535	0.4	0.0	 0.0	 1.0	 1.0	 0.0	 0.0	 0.0	 0.0	 1.0	 1.0	0.5163977794943223	7.0	 11.0	 21.0	 31.0	 35.0	 47.0	 49.0	 61.0	 71.0	 79.0
18	-1	0.5379550933837891	0.5683823823928833	 0.5290552973747253	 0.041492000222206116	 0.8995460867881775	 0.5002764463424683	 0.11048875749111176	 0.2951841652393341	 0.9951470494270325	 0.4420701563358307	 0.9979085326194763	0.3417421250125363	0.4	1.0	 0.0	 0.0	 0.0	 0.0	 0.0	 1.0	 1.0	 1.0	 0.0	0.5163977794943223	0.0	 8.0	 16.0	 28.0	 32.0	 46.0	 55.0	 58.0	 65.0	 72.0
18	1	0.5295111656188964	0.08888757973909378	 0.25094839930534363	 0.15318065881729126	 0.8639150261878967	 0.8093484044075012	 0.11691634356975555	 0.9102268815040588	 0.3463100492954254	 0.8998290300369263	 0.8555494546890259	0.36449107760889743	0.6	0.0	 0.0	 0.0	 1.0	 1.0	 1.0	 1.0	 0.0	 1.0	 1.0	0.5163977794943223	3.0	 10.0	 18.0	 24.0	 39.0	 42.0	 52.0	 56.0	 68.0	 78.0

extraInfo
participant	Nobody
session	001
﻿circleRadius	direction	RT_mean	RT_raw										RT_std	choice_mean	choice_raw										choice_std	order									
3	-1	0.4975108623504639	0.3849630653858185	 0.20971818268299103	 0.2002897709608078	 0.005597513634711504	 0.8341602087020874	 0.9194474220275879	 0.7466100454330444	 0.3634423315525055	 0.36850064992904663	 0.9423794150352478	0.3352860194775884	0.5	1.0	 0.0	 0.0	 0.0	 1.0	 1.0	 1.0	 0.0	 1.0	 0.0	0.5270462766947299	4.0	 14.0	 19.0	 25.0	 33.0	 43.0	 51.0	 61.0	 66.0	 72.0
3	1	0.6686383247375488	0.5095097422599792	 0.7286535501480103	 0.6399242281913757	 0.8273420929908752	 0.6694239974021912	 0.6178717017173767	 0.8203810453414917	 0.7554000616073608	 0.7161633968353271	 0.4017133414745331	0.13398756872016934	0.5	1.0	 0.0	 1.0	 1.0	 1.0	 0.0	 0.0	 1.0	 0.0	 0.0	0.5270462766947299	6.0	 8.0	 23.0	 28.0	 36.0	 42.0	 53.0	 59.0	 65.0	 77.0
8	-1	0.4878518104553223	0.10744278877973557	 0.26873454451560974	 0.9451289772987366	 0.38858136534690857	 0.8833580613136292	 0.2811492681503296	 0.6911301612854004	 0.09086684882640839	 0.48942720890045166	 0.7326991558074951	0.31085963537311406	0.4	0.0	 0.0	 0.0	 0.0	 1.0	 1.0	 1.0	 0.0	 1.0	 0.0	0.5163977794943223	0.0	 15.0	 18.0	 24.0	 35.0	 41.0	 50.0	 57.0	 69.0	 79.0
8	1	0.37394917011260986	0.5119669437408447	 0.27359339594841003	 0.22263440489768982	 0.060477811843156815	 0.4920768737792969	 0.6946552395820618	 0.6243798136711121	 0.027181990444660187	 0.34614741802215576	 0.4863780438899994	0.2269271416230777	0.5	1.0	 0.0	 0.0	 1.0	 1.0	 0.0	 0.0	 1.0	 0.0	 1.0	0.5270462766947299	7.0	 11.0	 20.0	 27.0	 32.0	 46.0	 49.0	 56.0	 64.0	 74.0
13	-1	0.5740589141845703	0.5443238615989685	 0.5841543674468994	 0.23566024005413055	 0.6059125661849976	 0.9557216763496399	 0.9312080144882202	 0.6907066106796265	 0.3508303761482239	 0.3652680516242981	 0.47680333256721497	0.23716527077004557	0.8	1.0	 1.0	 1.0	 1.0	 1.0	 1.0	 0.0	 0.0	 1.0	 1.0	0.421637021355784	5.0	 12.0	 16.0	 30.0	 39.0	 44.0	 54.0	 58.0	 71.0	 75.0
13	1	0.45792346000671386	0.2454485297203064	 0.33280184864997864	 0.2164272665977478	 0.6594372391700745	 0.8397550582885742	 0.5598691701889038	 0.4889369606971741	 0.20905660092830658	 0.8702325224876404	 0.1572694182395935	0.2665011344839114	0.6	1.0	 0.0	 1.0	 1.0	 1.0	 0.0	 0.0	 0.0	 1.0	 1.0	0.5163977794943223	2.0	 10.0	 22.0	 31.0	 38.0	 47.0	 48.0	 60.0	 70.0	 78.0
18	-1	0.4640781402587891	0.3060552179813385	 0.28611499071121216	 0.007080174516886473	 0.22779057919979095	 0.5336942076683044	 0.876792848110199	 0.6921440362930298	 0.13753481209278107	 0.9558122754096985	 0.61776202917099	0.31982055753036664	0.4	0.0	 0.0	 0.0	 1.0	 1.0	 1.0	 0.0	 0.0	 1.0	 0.0	0.5163977794943223	3.0	 9.0	 17.0	 26.0	 34.0	 40.0	 55.0	 63.0	 67.0	 76.0
18	1	0.49022712707519533	0.3088426887989044	 0.3568888306617737	 0.8176704049110413	 0.4008907377719879	 0.058146458119153976	 0.3571335971355438	 0.9661611914634705	 0.9284151792526245	 0.03832945227622986	 0.6697925925254822	0.337517796432431	0.3	0.0	 0.0	 0.0	 0.0	 1.0	 0.0	 1.0	 1.0	 0.0	 0.0	0.4830458915396479	1.0	 13.0	 21.0	 29.0	 37.0	 45.0	 52.0	 62.0	 68.0	 73.0

extraInfo
participant	Nobody
session	001
﻿circleRadius	direction	RT_mean	RT_raw										RT_std	choice_mean	choice_raw										choice_std	order									
3	-1	0.2677621364593506	0.37519699335098267	 0.47635629773139954	 0.1666429489850998	 0.12006872147321701	 0.14933183789253235	 0.5218605995178223	 0.12646710872650146	 0.7275310754776001	 0.006657351739704609	 0.007508472073823214	0.24334324468917887	0.4	1.0	 0.0	 1.0	 0.0	 0.0	 0.0	 0.0	 1.0	 0.0	 1.0	0.5163977794943223	5.0	 12.0	 19.0	 30.0	 37.0	 43.0	 52.0	 62.0	 69.0	 73.0
3	1	0.45052647590637207	0.9673625826835632	 0.7467098832130432	 0.6055158972740173	 0.23880672454833984	 0.7134607434272766	 0.1489488035440445	 0.4138762354850769	 0.06810767948627472	 0.44699329137802124	 0.15548276901245117	0.30155620735271155	0.6	0.0	 1.0	 0.0	 1.0	 0.0	 1.0	 1.0	 1.0	 1.0	 0.0	0.5163977794943223	6.0	 14.0	 23.0	 28.0	 36.0	 45.0	 53.0	 58.0	 64.0	 78.0
8	-1	0.5100015640258789	0.5674744248390198	 0.32081669569015503	 0.5329501628875732	 0.0754576101899147	 0.4224778711795807	 0.998366117477417	 0.6207134127616882	 0.16559603810310364	 0.9581603407859802	 0.4380030632019043	0.30027983560975385	0.7	1.0	 0.0	 1.0	 1.0	 0.0	 1.0	 0.0	 1.0	 1.0	 1.0	0.4830458915396479	4.0	 9.0	 21.0	 26.0	 39.0	 40.0	 49.0	 56.0	 70.0	 76.0
8	1	0.6199817657470703	0.6024876236915588	 0.7393983006477356	 0.03095931187272072	 0.8736656904220581	 0.531198263168335	 0.8475779891014099	 0.6433706283569336	 0.8800421953201294	 0.8865299820899963	 0.16458767652511597	0.3040763946214298	0.6	0.0	 0.0	 1.0	 1.0	 1.0	 1.0	 1.0	 1.0	 0.0	 0.0	0.5163977794943223	0.0	 13.0	 18.0	 24.0	 35.0	 47.0	 55.0	 59.0	 67.0	 74.0
13	-1	0.48138985633850095	0.6840105652809143	 0.282465398311615	 0.19361193478107452	 0.5669966340065002	 0.4931359887123108	 0.47009003162384033	 0.18080802261829376	 0.8510270714759827	 0.9312601089477539	 0.16049312055110931	0.27955827670639893	0.5	1.0	 1.0	 0.0	 1.0	 0.0	 0.0	 1.0	 1.0	 0.0	 0.0	0.5270462766947299	7.0	 11.0	 16.0	 27.0	 33.0	 42.0	 51.0	 60.0	 68.0	 77.0
13	1	0.5743533611297608	0.9534524083137512	 0.7109026908874512	 0.02482752501964569	 0.9379373788833618	 0.8623341917991638	 0.154532328248024	 0.8917702436447144	 0.3228863775730133	 0.696952223777771	 0.18793819844722748	0.36271395651127675	0.5	0.0	 0.0	 1.0	 1.0	 0.0	 1.0	 0.0	 1.0	 1.0	 0.0	0.5270462766947299	2.0	 8.0	 17.0	 25.0	 34.0	 46.0	 48.0	 63.0	 65.0	 79.0
18	-1	0.5571079254150391	0.5964452028274536	 0.7477791905403137	 0.757954478263855	 0.21445845067501068	 0.31638965010643005	 0.8193199634552002	 0.8445443511009216	 0.24517886340618134	 0.1463662087917328	 0.8826425075531006	0.29381633615228153	0.3	1.0	 1.0	 0.0	 0.0	 0.0	 0.0	 0.0	 0.0	 0.0	 1.0	0.48304589153964805	3.0	 10.0	 20.0	 29.0	 38.0	 44.0	 54.0	 57.0	 71.0	 72.0
18	1	0.5045388221740723	0.7177721858024597	 0.4029545485973358	 0.3865032196044922	 0.3963280916213989	 0.5846724510192871	 0.8298629522323608	 0.39675891399383545	 0.2182975858449936	 0.6977779269218445	 0.41446033120155334	0.19226516003666738	0.3	0.0	 0.0	 0.0	 0.0	 1.0	 1.0	 0.0	 0.0	 1.0	 0.0	0.4830458915396479	1.0	 15.0	 22.0	 31.0	 32.0	 41.0	 50.0	 61.0	 66.0	 75.0

extraInfo
participant	Nobody
session	001
﻿circleRadius	direction	RT_mean	RT_raw										RT_std	choice_mean	choice_raw										choice_std	order									
3	-1	0.3983225107192993	0.467850923538208	 0.3702777326107025	 0.12413659691810608	 0.5615609884262085	 0.7343670129776001	 0.4294590353965759	 0.07414478808641434	 0.3460671901702881	 0.7037798762321472	 0.17158082127571106	0.229462809046902	0.6	1.0	 1.0	 0.0	 1.0	 1.0	 1.0	 0.0	 1.0	 0.0	 0.0	0.5163977794943223	0.0	 10.0	 17.0	 28.0	 34.0	 47.0	 53.0	 58.0	 67.0	 73.0
3	1	0.41455535888671874	0.34137555956840515	 0.2660066783428192	 0.04646924138069153	 0.599163293838501	 0.0920916497707367	 0.6119019389152527	 0.2611515522003174	 0.44911444187164307	 0.4844866991043091	 0.9937925934791565	0.27989109267292217	0.6	1.0	 0.0	 0.0	 0.0	 1.0	 1.0	 1.0	 1.0	 0.0	 1.0	0.5163977794943223	2.0	 13.0	 16.0	 29.0	 37.0	 45.0	 55.0	 59.0	 69.0	 77.0
8	-1	0.6364103794097901	0.9355382919311523	 0.7944369912147522	 0.6620714664459229	 0.8834954500198364	 0.8483823537826538	 0.6424204111099243	 0.22241470217704773	 0.30702266097068787	 0.8921945095062256	 0.17612673342227936	0.29407159479612344	0.6	1.0	 0.0	 0.0	 1.0	 1.0	 0.0	 1.0	 1.0	 0.0	 1.0	0.5163977794943223	7.0	 15.0	 21.0	 27.0	 39.0	 46.0	 49.0	 62.0	 65.0	 78.0
8	1	0.48616805076599123	0.045984454452991486	 0.06926626712083817	 0.12826955318450928	 0.23105497658252716	 0.8218908309936523	 0.7293168306350708	 0.8658878207206726	 0.5634133815765381	 0.680297315120697	 0.7262991070747375	0.3296592290170275	0.4	0.0	 1.0	 0.0	 0.0	 1.0	 0.0	 1.0	 1.0	 0.0	 0.0	0.5163977794943223	1.0	 11.0	 22.0	 26.0	 35.0	 43.0	 51.0	 63.0	 66.0	 72.0
13	-1	0.45557551383972167	0.07305018603801727	 0.863262414932251	 0.327153742313385	 0.693019449710846	 0.3453591465950012	 0.6001380085945129	 0.04764741659164429	 0.5909367799758911	 0.7056605219841003	 0.3095274865627289	0.27629543664125095	0.5	1.0	 0.0	 0.0	 1.0	 1.0	 1.0	 0.0	 1.0	 0.0	 0.0	0.5270462766947299	6.0	 8.0	 23.0	 25.0	 33.0	 42.0	 50.0	 61.0	 68.0	 76.0
13	1	0.388798189163208	0.6720570921897888	 0.0921226292848587	 0.43447253108024597	 0.4978783130645752	 0.14354358613491058	 0.4176539182662964	 0.933616042137146	 0.013116207905113697	 0.638615608215332	 0.044906020164489746	0.3094534782919955	0.6	1.0	 1.0	 0.0	 1.0	 1.0	 0.0	 0.0	 1.0	 1.0	 0.0	0.5163977794943223	4.0	 12.0	 20.0	 30.0	 36.0	 41.0	 48.0	 57.0	 64.0	 75.0
18	-1	0.49798059463500977	0.7313077449798584	 0.7215221524238586	 0.4874427914619446	 0.004386688582599163	 0.8924310207366943	 0.5242506861686707	 0.5925970673561096	 0.3557892441749573	 0.3823118805885315	 0.2877670228481293	0.2562939473694415	0.3	1.0	 0.0	 0.0	 1.0	 0.0	 0.0	 0.0	 1.0	 0.0	 0.0	0.4830458915396479	3.0	 14.0	 18.0	 31.0	 38.0	 44.0	 54.0	 56.0	 71.0	 79.0
18	1	0.5016839504241943	0.8069344758987427	 0.13292428851127625	 0.5761258602142334	 0.2975408732891083	 0.6672184467315674	 0.40139657258987427	 0.03064531274139881	 0.8857268691062927	 0.7257285118103027	 0.4925979971885681	0.28547848229194855	0.5	0.0	 1.0	 0.0	 0.0	 1.0	 1.0	 0.0	 1.0	 1.0	 0.0	0.5270462766947299	5.0	 9.0	 19.0	 24.0	 32.0	 40.0	 52.0	 60.0	 70.0	 74.0

extraInfo
participant	Nobody
session	001
